{
    "P@10": 0.8348837209302327,
    "P@5": 0.8837209302325583,
    "R@10": 0.16752816489341146,
    "R@1000": 0.7948847084199747,
    "RR": 0.9844961240310078,
    "RR@10": 0.9844961240310078,
    "nDCG@10": 0.7341131609628652,
    "nDCG@5": 0.759342097313425
}