{
    "P@10": 0.7666666666666665,
    "P@5": 0.862962962962963,
    "R@10": 0.24023026690903238,
    "R@1000": 0.8048115416212236,
    "RR": 0.9516975308641976,
    "RR@10": 0.9504629629629631,
    "nDCG@10": 0.7299416341626904,
    "nDCG@5": 0.7668359089368749
}